{"cameraMode":{"drawMode":0,"name":"Shaded","section":"Shading Mode"},"sceneLighting":true,"audioPlay":false,"sceneViewState":{"m_AlwaysRefresh":false,"showFog":true,"showSkybox":true,"showFlares":true,"showImageEffects":true,"showParticleSystems":true,"showVisualEffectGraphs":true,"m_FxEnabled":true},"in2DMode":false,"pivot":{"x":-0.06000000238418579,"y":1.4930000305175782,"z":-0.8140000104904175},"rotation":{"x":0.04486129805445671,"y":-0.9422895312309265,"z":-0.14066919684410096,"w":-0.30050116777420046},"size":1.1031323671340943,"orthographic":false}